encoded_message,message
00000000,0000
01000000,0000
01000001,0000
00010001,0000
00010000,0000
00100001,0000
10000000,0000
10000001,0000
00001001,0000
00100000,0000
00000001,0000
00000101,0000
00000010,0000
00000100,0000
00000011,0000
00001000,0000
10010010,0001
11011011,0001
11011010,0001
11010111,0001
11010110,0001
11010011,0001
11010010,0001
11010001,0001
11000011,0001
11000010,0001
10010011,0001
01010010,0001
11010000,0001
01010011,0001
11110010,0001
11110011,0001
00010101,0010
01000100,0010
01000101,0010
01010000,0010
01010001,0010
00010100,0010
01010101,0010
01010110,0010
01010100,0010
11010101,0010
11010100,0010
01011100,0010
01011101,0010
01110101,0010
01110100,0010
01010111,0010
10000101,0011
10100110,0011
11000111,0011
10000010,0011
10000011,0011
10000100,0011
10000110,0011
10100111,0011
10010110,0011
10010111,0011
10000111,0011
00000110,0011
00000111,0011
10001111,0011
10001110,0011
11000110,0011
00011000,0100
10011101,0100
10011100,0100
10111001,0100
10111000,0100
10011011,0100
10011010,0100
10011001,0100
10011000,0100
00011001,0100
11011001,0100
10010001,0100
10010000,0100
10001000,0100
10001001,0100
11011000,0100
01001110,0101
11001010,0101
11001011,0101
01101011,0101
01101010,0101
00001010,0101
01000010,0101
00001011,0101
01011011,0101
01011010,0101
01000011,0101
01001000,0101
01001001,0101
01001111,0101
01001011,0101
01001010,0101
11101100,0110
11001000,0110
11001001,0110
01001100,0110
11001100,0110
11001101,0110
11001110,0110
11001111,0110
11000101,0110
11000100,0110
11011101,0110
11011100,0110
01001101,0110
10001101,0110
10001100,0110
11101101,0110
10011111,0111
10011110,0111
00011110,0111
00111110,0111
00011111,0111
00011011,0111
00111111,0111
00010111,0111
00010110,0111
01011110,0111
01011111,0111
00011010,0111
00011100,0111
00011101,0111
00001111,0111
00001110,0111
11101000,1000
11100000,1000
11100001,1000
11100010,1000
11100011,1000
11110001,1000
11101001,1000
11110000,1000
11100101,1000
11100100,1000
10100001,1000
11000000,1000
11000001,1000
01100000,1000
01100001,1000
10100000,1000
00100010,1001
00100011,1001
10110011,1001
10110010,1001
01110011,1001
00110001,1001
00110111,1001
00010010,1001
00111011,1001
00111010,1001
00110110,1001
00110011,1001
00010011,1001
00110010,1001
01110010,1001
00110000,1001
10110110,1010
10110100,1010
10111100,1010
10111101,1010
10110001,1010
10110000,1010
10110111,1010
10110101,1010
11110101,1010
11110100,1010
10100101,1010
10100100,1010
00110100,1010
00110101,1010
10010101,1010
10010100,1010
01100110,1011
01110110,1011
01110111,1011
01100111,1011
01100101,1011
01100100,1011
01100011,1011
01100010,1011
01000111,1011
01000110,1011
11100110,1011
11100111,1011
00100111,1011
00100110,1011
01101110,1011
01101111,1011
01011000,1100
01011001,1100
00111001,1100
00111000,1100
11111001,1100
11111000,1100
01101000,1100
01101001,1100
01111010,1100
01110001,1100
01111000,1100
01111001,1100
01111011,1100
01110000,1100
01111101,1100
01111100,1100
10100011,1101
10101111,1101
00101011,1101
00101010,1101
11101010,1101
11101011,1101
10101011,1101
10101010,1101
10100010,1101
10001011,1101
10101110,1101
10101001,1101
10111010,1101
10101000,1101
10111011,1101
10001010,1101
00001100,1110
00001101,1110
00100100,1110
00100101,1110
01101101,1110
01101100,1110
00101000,1110
00111100,1110
10101101,1110
00101100,1110
00101101,1110
00101110,1110
00101111,1110
00111101,1110
10101100,1110
00101001,1110
11111011,1111
11111010,1111
11110111,1111
11110110,1111
11111101,1111
11111100,1111
01111111,1111
11101110,1111
11011111,1111
11011110,1111
10111111,1111
10111110,1111
11111110,1111
01111110,1111
11101111,1111
11111111,1111
