encoded_message,message
00000000,0000
00000001,0000
00000010,0000
00000100,0000
01000000,0000
00100000,0000
00001000,0000
10000000,0000
00010000,0000
01010010,0001
11010000,0001
11011010,0001
11010110,0001
11000010,0001
11010010,0001
10010010,0001
11010011,0001
11110010,0001
11010100,0010
01010100,0010
01010000,0010
01000100,0010
00010100,0010
01110100,0010
01010101,0010
01010110,0010
01011100,0010
00000110,0011
10000111,0011
10000010,0011
10001110,0011
11000110,0011
10000100,0011
10010110,0011
10000110,0011
10100110,0011
11011000,0100
10111000,0100
10011001,0100
10010000,0100
10001000,0100
10011000,0100
00011000,0100
10011100,0100
10011010,0100
00001010,0101
11001010,0101
01000010,0101
01001011,0101
01101010,0101
01001000,0101
01011010,0101
01001110,0101
01001010,0101
11000100,0110
11001000,0110
11001100,0110
01001100,0110
11001101,0110
10001100,0110
11001110,0110
11011100,0110
11101100,0110
00011010,0111
00011100,0111
01011110,0111
00011110,0111
00011111,0111
00010110,0111
00001110,0111
10011110,0111
00111110,0111
11110000,1000
11100010,1000
11100001,1000
11101000,1000
11100000,1000
10100000,1000
11100100,1000
11000000,1000
01100000,1000
00100010,1001
00110011,1001
00110010,1001
00110110,1001
00110000,1001
01110010,1001
00010010,1001
00111010,1001
10110010,1001
10110100,1010
10110000,1010
10100100,1010
10111100,1010
10110110,1010
10010100,1010
00110100,1010
11110100,1010
10110101,1010
01101110,1011
01110110,1011
11100110,1011
01100100,1011
01000110,1011
01100110,1011
00100110,1011
01100111,1011
01100010,1011
01101000,1100
11111000,1100
00111000,1100
01111100,1100
01111001,1100
01111000,1100
01111010,1100
01011000,1100
01110000,1100
10100010,1101
10001010,1101
10101011,1101
10101010,1101
11101010,1101
10101000,1101
00101010,1101
10101110,1101
10111010,1101
01101100,1110
00100100,1110
10101100,1110
00101110,1110
00001100,1110
00101100,1110
00101000,1110
00101101,1110
00111100,1110
11101110,1111
11011110,1111
11110110,1111
10111110,1111
11111010,1111
11111100,1111
11111111,1111
11111110,1111
01111110,1111
10001011,Uncorrectable error detected
00100001,Uncorrectable error detected
00100011,Uncorrectable error detected
11011111,Uncorrectable error detected
00100101,Uncorrectable error detected
11011101,Uncorrectable error detected
00100111,Uncorrectable error detected
11011011,Uncorrectable error detected
00101001,Uncorrectable error detected
11011001,Uncorrectable error detected
00101011,Uncorrectable error detected
11010111,Uncorrectable error detected
00101111,Uncorrectable error detected
11010101,Uncorrectable error detected
00110001,Uncorrectable error detected
00110101,Uncorrectable error detected
00110111,Uncorrectable error detected
11010001,Uncorrectable error detected
00111001,Uncorrectable error detected
11001111,Uncorrectable error detected
00111011,Uncorrectable error detected
00111101,Uncorrectable error detected
00111111,Uncorrectable error detected
11001011,Uncorrectable error detected
01000001,Uncorrectable error detected
00011101,Uncorrectable error detected
11100011,Uncorrectable error detected
00011011,Uncorrectable error detected
11100101,Uncorrectable error detected
11111101,Uncorrectable error detected
00000011,Uncorrectable error detected
11111011,Uncorrectable error detected
00000101,Uncorrectable error detected
11111001,Uncorrectable error detected
00000111,Uncorrectable error detected
11110111,Uncorrectable error detected
00001001,Uncorrectable error detected
11110101,Uncorrectable error detected
00001011,Uncorrectable error detected
11110011,Uncorrectable error detected
11001001,Uncorrectable error detected
00001101,Uncorrectable error detected
00001111,Uncorrectable error detected
11101111,Uncorrectable error detected
00010001,Uncorrectable error detected
11101101,Uncorrectable error detected
00010011,Uncorrectable error detected
11101011,Uncorrectable error detected
00010101,Uncorrectable error detected
11101001,Uncorrectable error detected
00010111,Uncorrectable error detected
11100111,Uncorrectable error detected
00011001,Uncorrectable error detected
11110001,Uncorrectable error detected
01000011,Uncorrectable error detected
01000101,Uncorrectable error detected
10001101,Uncorrectable error detected
01101101,Uncorrectable error detected
10100111,Uncorrectable error detected
01101111,Uncorrectable error detected
10100101,Uncorrectable error detected
01110001,Uncorrectable error detected
10100011,Uncorrectable error detected
01110011,Uncorrectable error detected
10100001,Uncorrectable error detected
01110101,Uncorrectable error detected
10011111,Uncorrectable error detected
01110111,Uncorrectable error detected
10101001,Uncorrectable error detected
10011101,Uncorrectable error detected
10011011,Uncorrectable error detected
01111101,Uncorrectable error detected
10010111,Uncorrectable error detected
10000001,Uncorrectable error detected
10010101,Uncorrectable error detected
10000011,Uncorrectable error detected
10010011,Uncorrectable error detected
10000101,Uncorrectable error detected
10010001,Uncorrectable error detected
10001001,Uncorrectable error detected
10001111,Uncorrectable error detected
01111011,Uncorrectable error detected
01101011,Uncorrectable error detected
01101001,Uncorrectable error detected
01100101,Uncorrectable error detected
11000101,Uncorrectable error detected
01000111,Uncorrectable error detected
11000011,Uncorrectable error detected
01001001,Uncorrectable error detected
11000001,Uncorrectable error detected
01001101,Uncorrectable error detected
10111111,Uncorrectable error detected
01001111,Uncorrectable error detected
10111101,Uncorrectable error detected
01010001,Uncorrectable error detected
10111011,Uncorrectable error detected
01010011,Uncorrectable error detected
10111001,Uncorrectable error detected
01010111,Uncorrectable error detected
10110111,Uncorrectable error detected
01011001,Uncorrectable error detected
01011011,Uncorrectable error detected
01011101,Uncorrectable error detected
10110011,Uncorrectable error detected
01011111,Uncorrectable error detected
10110001,Uncorrectable error detected
01100001,Uncorrectable error detected
10101111,Uncorrectable error detected
01100011,Uncorrectable error detected
10101101,Uncorrectable error detected
11000111,Uncorrectable error detected
01111111,Uncorrectable error detected
